category,count,ishot,name,total
360代充,[4],,征程item_loader test!,[1457]
益玩代充,[1],,征程item_loader test!,[1457]
九游代充,[8],,征程item_loader test!,[1457]
华为代充,[1],,征程item_loader test!,[1457]
首充号【百度】,[306],,诸神传奇item_loader test!,[630]
首充号【游戏鹰】,[255],,诸神传奇item_loader test!,[630]
首充号【安卓果盘】,[220],,蒸汽拳皇item_loader test!,[770]
首充号【百度】,[170],,足球大赢家item_loader test!,[170]
首充号【苹果果盘】,[88],,蒸汽拳皇item_loader test!,[770]
礼包,[12],,战国之道item_loader test!,[16]
首充号【游戏Fan】,[220],,蒸汽拳皇item_loader test!,[770]
礼包,[5],,战塔英雄item_loader test!,[38]
首充号【乐游】,[242],,蒸汽拳皇item_loader test!,[770]
UC帐号,[22],,战塔英雄item_loader test!,[38]
华为帐号,[1],,战塔英雄item_loader test!,[38]
vivo帐号,[3],,战塔英雄item_loader test!,[38]
蜗牛帐号,[7],,战塔英雄item_loader test!,[38]
OPPO代充,[2],,征程item_loader test!,[1457]
首充号【快用】,[68],,诸神传奇item_loader test!,[630]
百度代充,[6],,征程item_loader test!,[1457]
当乐代充,[3],,征程item_loader test!,[1457]
vivo代充,[3],,征程item_loader test!,[1457]
首充号【百度】,[340],,捉妖传item_loader test!,[340]
泰奇互动帐号,[9],,战火与秩序item_loader test!,[1209]
360帐号,[5],,战火与秩序item_loader test!,[1209]
当乐帐号,[2],,战火与秩序item_loader test!,[1209]
小米帐号,[1],,战火与秩序item_loader test!,[1209]
首充号【乐8】,[36],,主宰世界item_loader test!,[522]
盖娅帐号,[4],,自由之战【苹果版】item_loader test!,[14]
iOS代充,[10],,自由之战【苹果版】item_loader test!,[14]
首充号【百度】,[324],,主宰世界item_loader test!,[522]
首充号【快用】,[44],,指尖刀塔item_loader test!,[222]
首充号【百度】,[176],,指尖刀塔item_loader test!,[222]
首充号【苹果果盘】,[72],,主宰世界item_loader test!,[522]
首充号【快用】,[72],,主宰世界item_loader test!,[522]
首充号【安卓果盘】,[18],,主宰世界item_loader test!,[522]
华为帐号,[6],,战火与秩序item_loader test!,[1209]
百度帐号,[6],,战火与秩序item_loader test!,[1209]
安锋帐号,[1],,战火与秩序item_loader test!,[1209]
游戏鹰帐号,[1],,战火与秩序item_loader test!,[1209]
UC帐号,[13],,战火与秩序item_loader test!,[1209]
首充号【游戏鹰】,[432],,战火与秩序item_loader test!,[1209]
首充号【安卓果盘】,[18],,战火与秩序item_loader test!,[1209]
首充号【汉风】,[252],,战火与秩序item_loader test!,[1209]
首充号【乐游】,[432],,战火与秩序item_loader test!,[1209]
当乐代充,[2],,战火与秩序item_loader test!,[1209]
首充号【百度】,[18],,战火与秩序item_loader test!,[1209]
360代充,[1],,战火与秩序item_loader test!,[1209]
九游代充,[5],,战火与秩序item_loader test!,[1209]
百度代充,[1],,战火与秩序item_loader test!,[1209]
QQ代充,[1],,战火与秩序item_loader test!,[1209]
vivo代充,[1],,战火与秩序item_loader test!,[1209]
华为代充,[1],,战火与秩序item_loader test!,[1209]
OPPO代充,[1],,战火与秩序item_loader test!,[1209]
UC帐号,[4],,战国之道item_loader test!,[16]
UC帐号,[2],,指尖刀塔item_loader test!,[222]
首充号【百度】,[260],,真江湖HDitem_loader test!,[923]
代练,[1],,征途【苹果版】item_loader test!,[32]
礼包,[21],,诛仙【苹果版】item_loader test!,[398]
游戏秘籍,[2],,诛仙【苹果版】item_loader test!,[398]
代练,[2],,诛仙【苹果版】item_loader test!,[398]
成长红利代充,[1],,诛仙【苹果版】item_loader test!,[398]
Apple ID充值,[5],,诛仙【苹果版】item_loader test!,[398]
首充号【百度】,[45],,足球传奇item_loader test!,[45]
首充号【百度】,[360],,最后一个三国志item_loader test!,[1331]
首充号【乐游】,[505],,斩魔item_loader test!,[1178]
首充号【乐8】,[36],,斩将封神item_loader test!,[1042]
首充号【安锋】,[250],,斩将封神item_loader test!,[1042]
完美帐号,[16],,诛仙【苹果版】item_loader test!,[398]
iOS代充,[30],,征途【苹果版】item_loader test!,[32]
老虎帐号,[324],,诛仙【苹果版】item_loader test!,[398]
新浪帐号,[1],,诛仙【苹果版】item_loader test!,[398]
QQ帐号,[3],,诛仙【苹果版】item_loader test!,[398]
首充号【安卓果盘】,[324],,斩将封神item_loader test!,[1042]
首充号【苹果果盘】,[72],,斩将封神item_loader test!,[1042]
首充号【百度】,[288],,斩将封神item_loader test!,[1042]
首充号【快用】,[72],,斩将封神item_loader test!,[1042]
首充号【苹果果盘】,[176],,斩魔item_loader test!,[1178]
首充号【安卓果盘】,[497],,斩魔item_loader test!,[1178]
首充号【安卓果盘】,[414],,最后一个三国志item_loader test!,[1331]
首充号【快用】,[72],,最后一个三国志item_loader test!,[1331]
首充号【雄鹰】,[18],,最后一个三国志item_loader test!,[1331]
首充号【乐游】,[413],,最后一个三国志item_loader test!,[1331]
首充号【苹果爱应用】,[54],,最后一个三国志item_loader test!,[1331]
元宝代充,[23],,诛仙【苹果版】item_loader test!,[398]
91帐号,[1],,征程item_loader test!,[1457]
首充号【百度】,[352],,征程item_loader test!,[1457]
金子,[1],,征途【苹果版】item_loader test!,[32]
首充号【苹果果盘】,[80],,征程item_loader test!,[1457]
首充号【安卓果盘】,[368],,征程item_loader test!,[1457]
首充号【TT】,[96],,征程item_loader test!,[1457]
首充号【安锋】,[4],,征程item_loader test!,[1457]
首充号【360】,[80],,征程item_loader test!,[1457]
首充号【快用】,[64],,征程item_loader test!,[1457]
首充号【游戏鹰】,[384],,征程item_loader test!,[1457]
UC帐号,[2],,真江湖HDitem_loader test!,[923]
首充号【安卓果盘】,[297],,真江湖HDitem_loader test!,[923]
首充号【乐游】,[52],,真江湖HDitem_loader test!,[923]
首充号【游戏Fan】,[169],,真江湖HDitem_loader test!,[923]
首充号【快用】,[52],,真江湖HDitem_loader test!,[923]
首充号【苹果果盘】,[78],,真江湖HDitem_loader test!,[923]
首充号【雄鹰】,[13],,真江湖HDitem_loader test!,[923]
首充号【百度】,[36],,至尊OLitem_loader test!,[468]
首充号【快用】,[72],,至尊OLitem_loader test!,[468]
首充号【乐8】,[36],,至尊OLitem_loader test!,[468]
首充号【安卓果盘】,[252],,至尊OLitem_loader test!,[468]
首充号【苹果果盘】,[72],,至尊OLitem_loader test!,[468]
UC帐号,[1],,诸神传奇item_loader test!,[630]
礼包,[2],,造物法则item_loader test!,[1591]
百度充值,[3],,真三国快打item_loader test!,[3]
水晶代充,[6],,造物法则【苹果版】item_loader test!,[7]
首充号【百度】,[51],,征服吧，怪兽item_loader test!,[646]
首充号【游戏鹰】,[85],,征服吧，怪兽item_loader test!,[646]
钻石代充,[12],,猪来了item_loader test!,[41]
礼包,[5],,战龙三国item_loader test!,[270]
首充号【安卓果盘】,[497],,征程三国item_loader test!,[1311]
道具【担保】,[29],,猪来了item_loader test!,[41]
礼包,[5],,真假英雄item_loader test!,[16]
礼包,[1],,最终幻想：觉醒item_loader test!,[395]
首充号【苹果果盘】,[88],,征程三国item_loader test!,[1311]
礼包,[1],,这才叫江湖item_loader test!,[69]
首充号【乐游】,[418],,征程三国item_loader test!,[1311]
首充号【百度】,[308],,征程三国item_loader test!,[1311]
首充号【快用】,[68],,众神OLitem_loader test!,[68]
首充号【安卓果盘】,[323],,征服吧，怪兽item_loader test!,[646]
首充号【快用】,[68],,征服吧，怪兽item_loader test!,[646]
首充号【安锋】,[119],,征服吧，怪兽item_loader test!,[646]
礼包,[1],,造物法则【苹果版】item_loader test!,[7]
首充号【快用】,[68],,这才叫江湖item_loader test!,[69]
华为帐号,[3],,最终幻想：觉醒item_loader test!,[395]
首充号【百度】,[374],,中超风云item_loader test!,[1790]
首充号【安锋】,[87],,中超风云item_loader test!,[1790]
UC帐号,[11],,真假英雄item_loader test!,[16]
QQ帐号,[1],,战龙三国item_loader test!,[270]
首充号【快用】,[68],,真三帝国item_loader test!,[68]
首充号【百度】,[264],,战龙三国item_loader test!,[270]
首充号【快用】,[32],,众妖之怒item_loader test!,[192]
首充号【百度】,[160],,众妖之怒item_loader test!,[192]
首充号【乐游】,[409],,中超风云item_loader test!,[1790]
首充号【游戏鹰】,[408],,中超风云item_loader test!,[1790]
首充号【安卓果盘】,[408],,中超风云item_loader test!,[1790]
首充号【遥点】,[102],,中超风云item_loader test!,[1790]
小米帐号,[1],,中超风云item_loader test!,[1790]
遥点手游帐号,[1],,中超风云item_loader test!,[1790]
安卓果盘帐号,[3],,最终幻想：觉醒item_loader test!,[395]
TT帐号,[1],,最终幻想：觉醒item_loader test!,[395]
老虎帐号,[1],,最终幻想：觉醒item_loader test!,[395]
当乐帐号,[2],,最终幻想：觉醒item_loader test!,[395]
益玩帐号,[4],,最终幻想：觉醒item_loader test!,[395]
OPPO帐号,[1],,最终幻想：觉醒item_loader test!,[395]
UC帐号,[1],,最终幻想：觉醒item_loader test!,[395]
首充号【安卓果盘】,[360],,最终幻想：觉醒item_loader test!,[395]
首充号【百度】,[18],,最终幻想：觉醒item_loader test!,[395]
首充号【快用】,[28],,众神王座item_loader test!,[28]
首充号【QQ】,[10],,作妖计item_loader test!,[106]
安锋帐号,[18],,作妖计item_loader test!,[106]
快用账号,[2],,作妖计item_loader test!,[106]
首充号【安卓果盘】,[414],,造物法则item_loader test!,[1591]
当乐帐号,[1],,造物法则item_loader test!,[1591]
百度帐号,[1],,造物法则item_loader test!,[1591]
礼包,[4],,镇魂街3Ditem_loader test!,[4]
安卓果帐号,[27],,造物法则item_loader test!,[1591]
首充号【快用】,[48],,召唤师联盟item_loader test!,[72]
游戏Fan帐号,[3],,造物法则item_loader test!,[1591]
首充号【百度】,[24],,召唤师联盟item_loader test!,[72]
元宝【担保】,[19],,诛神记item_loader test!,[69]
首充号【百度】,[50],,诛神记item_loader test!,[69]
UC帐号,[60],,造物法则item_loader test!,[1591]
首充号【百度】,[1],,中超风2item_loader test!,[1]
首充号【乐游】,[414],,造物法则item_loader test!,[1591]
首充号【游戏Fan】,[305],,造物法则item_loader test!,[1591]
首充号【百度】,[360],,造物法则item_loader test!,[1591]
华为账号,[5],,作妖计item_loader test!,[106]
安智账号,[2],,作妖计item_loader test!,[106]
当乐账号,[6],,作妖计item_loader test!,[106]
小米账号,[3],,作妖计item_loader test!,[106]
多酷账号,[1],,作妖计item_loader test!,[106]
百度账号,[23],,作妖计item_loader test!,[106]
91账号,[1],,作妖计item_loader test!,[106]
UC账号,[20],,作妖计item_loader test!,[106]
小米充值,[4],,造物法则item_loader test!,[1591]
小米代充,[10],,作妖计item_loader test!,[106]
华为代充,[3],,作妖计item_loader test!,[106]
九游代充,[2],,作妖计item_loader test!,[106]
iOS代充,[3],,战之海贼【苹果版】item_loader test!,[3]
礼包,[1],,战塔英雄【苹果版】item_loader test!,[18]
首充号【百度】,[34],,最佳阵容item_loader test!,[718]
小米代充,[8],,最强部落item_loader test!,[229]
首充号【遥点】,[102],,最佳阵容item_loader test!,[718]
首充号【百度】,[105],,镇魔之剑item_loader test!,[173]
首充号【百度】,[272],,战争学院item_loader test!,[918]
首充号【苹果果盘】,[119],,战争学院item_loader test!,[918]
首充号【安卓果盘】,[391],,战争学院item_loader test!,[918]
首充号【快用】,[68],,主公向前冲item_loader test!,[68]
首充号【安卓果盘】,[504],,掌上争霸item_loader test!,[1031]
首充号【乐游】,[505],,掌上争霸item_loader test!,[1031]
首充号【游戏鹰】,[22],,掌上争霸item_loader test!,[1031]
首充号【快用】,[68],,战争学院item_loader test!,[918]
首充号【快用】,[68],,镇魔之剑item_loader test!,[173]
首充号【360】,[68],,战争学院item_loader test!,[918]
首充号【苹果果盘】,[68],,最强部落item_loader test!,[229]
首充号【百度】,[85],,最强部落item_loader test!,[229]
首充号【快用】,[68],,最强部落item_loader test!,[229]
首充号【雄鹰】,[290],,最佳阵容item_loader test!,[718]
首充号【安卓果盘】,[289],,最佳阵容item_loader test!,[718]
蜗牛帐号,[17],,战塔英雄【苹果版】item_loader test!,[18]
首充号【快用】,[4],,种族荣耀OLitem_loader test!,[4]
多酷帐号,[1],,最佳阵容item_loader test!,[718]
首充号【快用】,[68],,战撸联萌item_loader test!,[68]
首充号【百度】,[234],,主公受惊了item_loader test!,[370]
首充号【360】,[71],,主公受惊了item_loader test!,[370]
首充号【苹果果盘】,[13],,主公受惊了item_loader test!,[370]
首充号【苹果果盘】,[68],,甄嬛传item_loader test!,[357]
保售号【九游】,[18],,诛仙item_loader test!,[5170]
首充号【百度】,[221],,甄嬛传item_loader test!,[357]
代练,[7],,诛仙item_loader test!,[5170]
游戏秘籍,[2],,诛仙item_loader test!,[5170]
礼包,[135],,诛仙item_loader test!,[5170]
首充号【快用】,[68],,甄嬛传item_loader test!,[357]
首充号【百度】,[360],,镇魂街：对决item_loader test!,[360]
首充号【安锋】,[54],,战舞幻想曲item_loader test!,[2444]
首充号【快用】,[72],,战舞幻想曲item_loader test!,[2444]
首充号【安卓果盘】,[410],,战舞幻想曲item_loader test!,[2444]
首充号【苹果果盘】,[90],,战舞幻想曲item_loader test!,[2444]
首充号【百度】,[360],,战舞幻想曲item_loader test!,[2444]
首充号【乐8】,[36],,战舞幻想曲item_loader test!,[2444]
首充号【游戏Fan】,[324],,战舞幻想曲item_loader test!,[2444]
首充号【汉风】,[252],,战舞幻想曲item_loader test!,[2444]
首充号【乐游】,[414],,战舞幻想曲item_loader test!,[2444]
首充号【游戏鹰】,[432],,战舞幻想曲item_loader test!,[2444]
首充号【安卓果盘】,[13],,主公受惊了item_loader test!,[370]
首充号【快用】,[39],,主公受惊了item_loader test!,[370]
UC帐号,[2],,最佳阵容item_loader test!,[718]
小米代充,[38],,诛仙item_loader test!,[5170]
首充号【百度】,[69],,诛仙item_loader test!,[5170]
首充号【360】,[47],,诛仙item_loader test!,[5170]
百度帐号,[43],,诛仙item_loader test!,[5170]
礼包,[2],,战天下zeroitem_loader test!,[4]
自抽号,[3],,战天下zeroitem_loader test!,[4]
礼包,[7],,掌中三国item_loader test!,[8]
首充号【百度】,[24],,主公罩我item_loader test!,[220]
首充号【游戏鹰】,[462],,重装突击item_loader test!,[1296]
首充号【乐游】,[264],,重装突击item_loader test!,[1296]
礼包,[7],,最传奇item_loader test!,[34]
首充号【安卓果盘】,[504],,重装突击item_loader test!,[1296]
首充号【快用】,[44],,真正男子汉item_loader test!,[264]
首充号【百度】,[220],,真正男子汉item_loader test!,[264]
首充号【百度】,[340],,战神王座item_loader test!,[408]
首充号【快用】,[68],,战神王座item_loader test!,[408]
